<?xml version="1.0" encoding="UTF-8"?>
<project-private xmlns="http://www.netbeans.org/ns/project-private/1">
    <editor-bookmarks xmlns="http://www.netbeans.org/ns/editor-bookmarks/2" lastBookmarkId="0"/>
    <open-files xmlns="http://www.netbeans.org/ns/projectui-open-files/2">
        <group>
            <file>file:/C:/wamp64/www/IOT_PROJECT/home.php</file>
            <file>file:/C:/wamp64/www/IOT_PROJECT/account_details.php</file>
            <file>file:/C:/wamp64/www/IOT_PROJECT/store/cart.php</file>
            <file>file:/C:/wamp64/www/IOT_PROJECT/store/index_store.php</file>
            <file>file:/C:/wamp64/www/IOT_PROJECT/store/delete.php</file>
            <file>file:/C:/wamp64/www/IOT_PROJECT/store/update.php</file>
        </group>
    </open-files>
</project-private>
